City_ID,City,Country,Lat,Lng,Max Temp,Humidity,Cloudiness,Wind Speed
0,Hithadhoo,MV,-0.6,73.0833,80.78,75,95,5.39
1,Cape Town,ZA,-33.9258,18.4232,63.27,74,0,1.99
2,Punta Arenas,CL,-53.15,-70.9167,44.71,61,20,25.32
3,Aktau,KZ,43.65,51.2,90.18,44,6,13.09
4,Shingu,JP,33.7333,135.9833,79.92,83,96,7.11
5,Coahuayana,MX,18.7333,-103.6833,87.28,59,12,3.4
6,Georgetown,MY,5.4112,100.3354,84.13,81,20,2.3
7,Atuona,PF,-9.8,-139.0333,77.27,77,41,17.74
8,Hilo,US,19.7297,-155.09,71.8,88,90,6.91
9,Tanggu,CN,39.0211,117.6469,76.96,81,3,6.44
10,Hobart,AU,-42.8794,147.3294,49.26,79,100,4.0
11,Griffith,US,41.5284,-87.4237,77.05,51,1,1.01
12,Puerto Ayora,EC,-0.7393,-90.3518,76.96,80,86,11.92
13,Quesnel,CA,52.9999,-122.5029,64.9,88,75,4.61
14,Zonguldak,TR,41.25,31.8333,69.96,51,0,1.43
15,Souillac,MU,-20.5167,57.5167,67.35,82,20,6.91
16,New Norfolk,AU,-42.7826,147.0587,48.92,80,99,1.01
17,Mar Del Plata,AR,-38.0023,-57.5575,58.08,38,0,15.01
18,Tayshet,RU,55.9342,98.0044,55.2,94,56,3.76
19,Santa Isabel,BR,-23.3156,-46.2214,71.37,40,6,3.02
20,Kingman,US,35.1894,-114.053,93.18,27,1,4.0
21,Albany,US,42.6001,-73.9662,74.57,68,27,4.0
22,Port Alfred,ZA,-33.5906,26.891,57.83,78,75,15.68
23,Vaini,TO,-21.2,-175.2,68.16,77,20,10.36
24,Nikolskoye,RU,59.7035,30.7861,62.49,98,100,8.57
25,Tracy,US,37.7397,-121.4252,70.21,67,50,3.0
26,Mogadishu,SO,2.0371,45.3438,76.48,84,93,18.45
27,Airai,TL,-8.9266,125.4092,56.59,79,63,2.82
28,Qaanaaq,GL,77.484,-69.3632,45.34,64,100,4.47
29,Kasempa,ZM,-13.4584,25.8338,65.57,34,33,4.63
30,Yar-Sale,RU,66.8333,70.8333,55.6,89,99,7.49
31,Bafoulabe,ML,13.8065,-10.8321,84.24,72,90,6.87
32,Hambantota,LK,6.1241,81.1185,79.48,80,100,19.08
33,Barrow,US,71.2906,-156.7887,44.62,81,90,10.36
34,Severo-Kurilsk,RU,50.6789,156.125,50.67,86,89,19.84
35,Leshukonskoye,RU,64.8989,45.7622,59.2,92,70,1.77
36,Fort Nelson,CA,58.8053,-122.7002,69.39,73,20,2.3
37,Jamestown,US,42.097,-79.2353,71.29,57,40,3.0
38,Atar,MR,20.5169,-13.0499,101.28,24,57,13.35
39,Port Blair,IN,11.6667,92.75,81.99,83,100,18.75
40,Atambua,ID,-9.1061,124.8925,70.41,88,64,5.32
41,Rudbar,AF,30.15,62.6,92.75,11,0,17.83
42,Esperance,AU,-33.8667,121.9,49.84,77,93,9.24
43,Temir,KZ,49.1414,57.13,85.86,26,35,9.75
44,Itarema,BR,-2.9248,-39.9167,88.86,45,8,14.16
45,Lebu,CL,-37.6167,-73.65,55.85,72,45,20.56
46,Khatanga,RU,71.9667,102.5,62.96,65,98,10.16
47,Arraial Do Cabo,BR,-22.9661,-42.0278,80.56,68,20,17.27
48,Chuy,UY,-33.6971,-53.4616,58.68,74,31,6.73
49,Ancud,CL,-41.8697,-73.8203,51.33,89,96,6.4
50,Labuhan,ID,-6.8844,112.2051,76.93,84,30,8.5
51,Kieta,PG,-6.2167,155.6333,77.59,87,27,3.62
52,Bethel,US,41.3712,-73.414,76.78,66,1,8.05
53,Busselton,AU,-33.65,115.3333,45.09,74,91,5.44
54,Marawi,PH,7.9986,124.2928,70.65,89,100,4.76
55,Avarua,CK,-21.2078,-159.775,78.85,89,90,16.11
56,Constitucion,CL,-35.3333,-72.4167,61.92,52,0,12.44
57,Butaritari,KI,3.0707,172.7902,82.58,73,73,8.5
58,Panama City,PA,8.9936,-79.5197,89.06,71,40,8.05
59,Berlevag,NO,70.8578,29.0864,53.6,73,32,4.36
60,Upernavik,GL,72.7868,-56.1549,46.11,66,1,5.55
61,Tasiilaq,GL,65.6145,-37.6368,46.56,81,100,2.46
62,Portland,US,45.5234,-122.6762,74.61,73,75,4.0
63,Osmena,PH,10.5208,119.9258,82.27,76,98,4.09
64,North Bend,US,43.4065,-124.2243,58.86,100,90,9.22
65,Mataura,NZ,-46.1927,168.8643,44.47,96,100,3.47
66,Flin Flon,CA,54.7682,-101.865,75.04,57,90,3.44
67,Sisimiut,GL,66.9395,-53.6735,47.53,88,81,5.66
68,Rikitea,PF,-23.1203,-134.9692,68.61,56,71,23.13
69,Honiara,SB,-9.4333,159.95,74.98,88,33,5.14
70,Ushuaia,AR,-54.8,-68.3,46.06,53,40,4.61
71,Pisco,PE,-13.7,-76.2167,66.02,77,90,8.05
72,Bocas Del Toro,PA,9.3333,-82.25,88.07,74,90,8.81
73,Bluff,NZ,-46.6,168.3333,44.8,67,100,12.57
74,Cabo San Lucas,MX,22.8909,-109.9124,92.8,51,40,0.0
75,Dingle,PH,10.9995,122.6711,78.35,84,100,8.95
76,Mehamn,NO,71.0357,27.8492,53.55,62,20,5.75
77,Springbok,ZA,-29.6643,17.8865,60.58,22,0,5.01
78,San Martin,AR,-33.081,-68.4681,61.34,23,0,9.51
79,Zhirnovsk,RU,50.9845,44.7735,83.75,29,8,5.93
80,Castro,BR,-24.7911,-50.0119,65.48,51,9,3.49
81,Carnarvon,AU,-24.8667,113.6333,50.07,42,0,11.5
82,Tynda,RU,55.1667,124.7167,51.1,95,50,3.22
83,Saskylakh,RU,71.9167,114.0833,62.11,74,43,6.78
84,Petropavlovsk-Kamchatskiy,RU,53.0452,158.6483,48.79,93,75,2.24
85,Fairbanks,US,64.8378,-147.7164,70.83,72,1,3.44
86,La Libertad,EC,-2.2333,-80.9,71.26,83,90,11.5
87,Iqaluit,CA,63.7506,-68.5145,46.13,100,90,4.61
88,Kaitangata,NZ,-46.2817,169.8464,48.92,68,100,12.55
89,Nushki,PK,29.5542,66.0215,86.02,9,21,3.38
90,Broken Hill,AU,-31.95,141.4333,44.31,81,0,12.66
91,Provideniya,RU,64.3833,-173.3,44.42,97,100,11.52
92,Auki,SB,-8.7676,160.7034,74.16,88,42,6.02
93,Luwuk,ID,-0.9516,122.7875,76.69,88,57,5.28
94,Maningrida,AU,-12.0667,134.2667,70.63,90,5,9.17
95,Bonthe,SL,7.5264,-12.505,80.89,64,91,10.18
96,Saint-Philippe,RE,-21.3585,55.7679,67.59,75,47,5.5
97,Hermanus,ZA,-34.4187,19.2345,58.8,87,0,9.19
98,Geraldton,AU,-28.7667,114.6,46.81,93,5,9.22
99,Mianyang,CN,31.4593,104.7542,79.36,73,1,2.39
100,Sao Jose Da Coroa Grande,BR,-8.8978,-35.1478,76.89,82,32,16.44
101,Bud,US,39.447,-86.1758,75.15,60,1,5.93
102,Kautokeino,NO,69.0125,23.0412,51.66,50,7,15.95
103,Tuktoyaktuk,CA,69.4541,-133.0374,53.6,87,90,8.05
104,Chokurdakh,RU,70.6333,147.9167,35.22,81,10,7.67
105,Sinegorye,RU,62.0788,150.477,36.95,81,93,5.23
106,Innisfail,AU,-17.5333,146.0333,63.05,87,52,4.0
107,Acapulco,MX,16.8634,-99.8901,87.62,70,1,0.0
108,Port Hawkesbury,CA,45.6169,-61.3485,71.69,69,90,10.0
109,Fortuna,US,40.5982,-124.1573,54.52,100,90,0.0
110,Hidalgotitlan,MX,17.7833,-94.6333,87.82,69,54,6.67
111,Tahta,EG,26.7693,31.5021,105.91,12,0,8.1
112,Gladstone,AU,-23.85,151.25,59.79,88,0,0.0
113,Tiksi,RU,71.6872,128.8694,47.26,68,27,2.19
114,Grenaa,DK,56.4158,10.8783,68.22,68,44,5.82
115,Port Hardy,CA,50.6996,-127.4199,59.18,88,90,2.3
116,Port Elizabeth,ZA,-33.918,25.5701,59.29,77,90,12.66
117,Kidal,ML,18.4411,1.4078,99.79,26,94,8.43
118,Daru,PG,-9.0763,143.2092,76.21,75,100,10.11
119,Bredasdorp,ZA,-34.5322,20.0403,58.32,88,38,10.36
120,Makhachkala,RU,42.9764,47.5024,80.58,44,73,8.46
121,Abalak,RU,58.1286,68.5944,63.18,70,95,5.55
122,Podor,MR,16.6527,-14.9587,82.35,78,75,0.0
123,Caravelas,BR,-17.7125,-39.2481,74.37,55,99,8.55
124,Ostrovnoy,RU,68.0531,39.5131,61.41,81,60,11.39
125,Raudeberg,NO,61.9875,5.1352,62.2,73,21,23.8
126,Preobrazheniye,RU,42.9019,133.9064,68.18,92,98,5.39
127,Saint George,US,37.1041,-113.5841,88.36,40,1,1.01
128,Aitape,PG,-3.1374,142.3475,78.35,87,36,7.07
129,Wagga Wagga,AU,-35.1167,147.3667,48.61,100,90,5.75
130,Champoton,MX,19.35,-90.7167,86.02,51,88,1.05
131,Jieshi,CN,22.8134,115.8257,81.52,86,100,2.33
132,Mikhaylovskoye,RU,51.8239,79.7172,74.1,50,59,8.3
133,San Vicente,AR,-26.6167,-54.1333,68.63,29,0,3.56
134,Wajir,KE,1.7471,40.0573,83.12,43,25,17.18
135,Longyearbyen,SJ,78.2186,15.6401,46.24,76,75,16.11
136,Pangai,TO,-19.8,-174.35,73.0,67,60,16.4
137,Quatre Cocos,MU,-20.2078,57.7625,67.08,66,0,5.88
138,Usinsk,RU,65.9939,57.5281,58.69,70,44,7.18
139,Yulara,AU,-25.2406,130.9889,40.84,45,0,8.05
140,Thompson,CA,55.7435,-97.8558,69.96,60,20,6.91
141,Progreso,MX,21.2833,-89.6667,92.1,59,55,10.65
142,Tondano,ID,1.3038,124.9112,69.89,93,87,2.35
143,Cidreira,BR,-30.1811,-50.2056,60.66,68,19,9.46
144,Kashi,CN,39.4547,75.9797,73.26,68,20,11.18
145,Namibe,AO,-15.1961,12.1522,69.51,86,0,8.59
146,Bambous Virieux,MU,-20.3428,57.7575,67.21,82,20,6.91
147,Huambo,AO,-12.7761,15.7392,67.8,24,25,1.05
148,Ketchikan,US,55.3422,-131.6461,61.27,82,90,8.05
149,Dikson,RU,73.5069,80.5464,46.47,80,100,12.03
150,Pishin,PK,30.5803,66.9961,83.21,11,18,5.12
151,Beringovskiy,RU,63.05,179.3167,42.82,95,100,30.58
152,Korla,CN,41.7597,86.1469,83.39,17,100,2.57
153,Sao Filipe,CV,14.8961,-24.4956,76.89,78,60,6.2
154,Yabelo,ET,4.8833,38.0833,64.26,48,100,11.25
155,Howard Springs,AU,-12.497,131.047,76.91,93,7,3.4
156,Wewak,PG,-3.5534,143.6268,79.81,85,11,8.52
157,Brae,GB,60.3964,-1.353,53.51,71,100,6.53
158,Sakyla,FI,61.0333,22.3333,68.04,60,94,7.14
159,Karratha,AU,-20.7377,116.8463,64.49,21,0,16.13
160,Ponta Delgada,PT,37.7333,-25.6667,75.92,60,20,8.05
161,Mitsamiouli,KM,-11.3847,43.2844,76.96,71,13,7.4
162,Sitka,US,57.0531,-135.33,62.49,77,75,3.44
163,Wanaka,NZ,-44.7,169.15,39.15,94,100,5.35
164,Sept-Iles,CA,50.2001,-66.3821,70.32,69,75,4.0
165,Kirakira,SB,-10.4544,161.9205,74.01,79,68,8.57
166,Yellowknife,CA,62.456,-114.3525,75.72,57,40,10.36
167,Codrington,AU,-38.2667,141.9667,45.27,94,100,10.29
168,San Carlos De Bariloche,AR,-41.1456,-71.3082,61.45,32,40,23.02
169,Morondava,MG,-20.2833,44.2833,74.26,67,16,13.69
170,Aljezur,PT,37.3191,-8.8033,70.99,74,79,12.37
171,Hofn,IS,64.2539,-15.2082,53.62,87,90,10.36
172,Edson,CA,53.5835,-116.4356,66.31,94,75,4.61
173,Shirokiy,RU,49.758,129.523,64.89,99,100,7.07
174,Nanortalik,GL,60.1432,-45.2371,46.92,85,91,2.68
175,Ostrow Wielkopolski,PL,51.655,17.8069,67.01,58,68,9.04
176,Kloulklubed,PW,7.0419,134.2556,81.1,77,99,13.47
177,Canon City,US,38.441,-105.2424,78.28,51,1,1.01
178,Zavodoukovsk,RU,56.5042,66.5515,66.54,59,85,4.38
179,Kapaa,US,22.0752,-159.319,79.12,75,90,5.01
180,Mashhad,IR,36.297,59.6062,84.34,23,0,9.22
181,Hervey Bay,AU,-25.2986,152.8535,68.04,90,2,9.71
182,Tambopata,PE,-12.7333,-69.1833,80.49,34,0,8.05
183,Talnakh,RU,69.4865,88.3972,66.18,54,96,3.76
184,Varazdin,HR,46.3044,16.3378,78.89,44,34,2.68
185,Biak,ID,-0.9131,122.8766,75.81,85,66,7.2
186,Barabash,RU,43.2,131.4833,71.28,98,96,4.52
187,Talara,PE,-4.5772,-81.2719,74.16,68,0,20.71
188,Kysyl-Syr,RU,63.8986,122.7617,61.65,42,48,6.4
189,Oxford,GB,51.7522,-1.256,66.06,79,75,8.05
190,Santa Marta,CO,11.2408,-74.199,83.98,79,100,4.0
191,Nara,JP,34.6851,135.8049,83.91,94,90,4.36
192,Vostok,RU,46.4856,135.8833,65.01,92,49,2.53
193,Sorland,NO,67.667,12.6934,49.86,71,98,9.22
194,Khuzhir,RU,53.1939,107.3397,55.27,95,100,5.82
195,Makaryev,RU,57.8797,43.8069,73.53,69,87,6.2
196,Victoria,HK,22.2855,114.1577,86.38,85,100,1.01
197,Bairnsdale,AU,-37.8333,147.6167,42.71,80,86,2.59
198,Shitanjing,CN,39.2342,106.3439,65.95,61,100,11.63
199,Kisumu,KE,-0.1022,34.7617,73.2,64,75,4.61
200,Stephenville,US,32.2207,-98.2023,77.34,83,90,9.22
201,Elmadag,TR,39.9208,33.2308,89.89,26,0,3.87
202,Motygino,RU,58.1831,94.7592,54.19,96,68,1.72
203,Culaman,PH,5.9603,125.6586,80.67,77,99,5.32
204,Panaba,MX,21.2833,-88.2667,94.17,41,6,6.06
205,Tuy Hoa,VN,13.0833,109.3,85.98,61,100,15.77
206,Corrales,US,35.2378,-106.6067,75.97,74,90,5.75
207,Ecublens,CH,46.529,6.5626,72.45,53,8,3.38
208,Belvedere Marittimo,IT,39.6179,15.8617,82.06,54,4,6.04
209,Olafsvik,IS,64.8945,-23.7142,53.76,82,100,2.64
210,Port-Gentil,GA,-0.7193,8.7815,78.76,73,90,9.22
211,Tallahassee,US,30.4383,-84.2807,93.0,65,40,5.99
212,Shelbyville,US,35.4834,-86.4603,82.02,64,20,3.0
213,Narrabri,AU,-30.3167,149.7833,60.53,82,90,18.41
214,Yanzhou,CN,35.5528,116.8286,74.84,84,2,4.29
215,Naze,JP,28.3667,129.4833,78.01,87,30,17.43
216,Khao Yoi,TH,13.2403,99.8243,85.89,65,94,7.96
217,Coos Bay,US,43.3665,-124.2179,78.01,100,90,9.22
218,Husavik,IS,66.0449,-17.3389,58.91,75,89,4.61
219,Karakol,KG,42.4907,78.3936,61.38,52,97,3.18
220,Katsuura,JP,35.1333,140.3,81.19,91,90,10.36
221,Matay,EG,28.419,30.7792,98.02,14,0,8.16
222,Bubaque,GW,11.2833,-15.8333,78.19,86,100,21.45
223,Berbera,SO,10.4396,45.0143,93.7,38,29,23.58
224,Zhigansk,RU,66.7697,123.3711,62.26,61,1,10.04
225,Puerto Carreno,CO,6.189,-67.4859,72.63,93,100,9.06
226,Adrar,MR,20.5022,-10.0711,100.81,23,15,10.47
227,Kodiak,US,57.79,-152.4072,53.11,94,90,6.91
228,Ahipara,NZ,-35.1667,173.1667,54.12,71,9,24.34
229,Avera,US,33.194,-82.5271,89.91,43,84,3.33
230,Kendari,ID,-3.945,122.4989,73.96,93,19,3.51
231,Omboue,GA,-1.5746,9.2618,79.47,70,28,8.48
232,Lakes Entrance,AU,-37.8811,147.981,42.19,64,89,4.81
233,Grebenskaya,RU,43.5317,46.3733,87.73,38,37,6.91
234,Ilulissat,GL,69.2167,-51.1,60.82,39,75,11.5
235,Muhos,FI,64.808,25.9931,60.58,79,100,1.86
236,Te Anau,NZ,-45.4167,167.7167,38.86,91,100,2.64
237,Gat,IL,31.61,34.7642,92.39,40,0,9.17
238,Aklavik,CA,68.2191,-135.0107,62.6,82,75,3.44
239,Requena,ES,39.4883,-1.1004,75.29,51,54,14.79
240,Weyburn,CA,49.6668,-103.8511,84.18,32,65,3.44
241,Ballina,AU,-28.8667,153.5667,64.36,94,90,8.05
242,Pasvalys,LT,56.0594,24.4036,67.32,85,100,8.16
243,Bathsheba,BB,13.2167,-59.5167,86.61,70,20,11.5
244,Salou,ES,41.0766,1.1416,85.24,55,20,3.0
245,Opuwo,NA,-18.0607,13.84,70.14,23,0,5.17
246,Saint Anthony,US,45.0205,-93.218,81.25,46,1,4.0
247,Comodoro Rivadavia,AR,-45.8667,-67.5,62.46,42,0,17.27
248,Bereda,ES,43.2686,-7.5406,72.41,65,41,7.34
249,Dharan,NP,26.8125,87.2835,78.03,87,78,2.19
250,Tandil,AR,-37.3217,-59.1332,57.31,53,2,5.01
251,Kuusamo,FI,65.9667,29.1833,59.04,58,0,5.75
252,Roros,NO,62.5747,11.3842,49.84,66,75,12.66
253,Kununurra,AU,-15.7667,128.7333,73.38,78,75,3.44
254,Norman Wells,CA,65.282,-126.8329,68.04,68,20,3.44
255,Santa Rosa,PH,14.3122,121.1114,82.9,82,100,15.7
256,Memari,IN,23.2,88.1167,87.66,85,100,7.11
257,Alpena,US,45.0617,-83.4327,70.12,56,20,8.05
258,La Asuncion,VE,11.0333,-63.8628,85.73,74,4,9.22
259,Luderitz,NA,-26.6481,15.1594,68.9,37,0,5.35
260,Jalu,LY,29.0331,21.5482,102.16,8,4,9.69
261,Zhengjiatun,CN,43.5064,123.5064,65.23,93,100,4.99
262,Mahonda,TZ,-6.45,39.4667,77.56,78,13,16.06
263,Puerto Narino,CO,-3.7703,-70.3831,85.95,36,68,3.85
264,Ribeira Grande,PT,38.5167,-28.7,77.4,78,40,8.05
265,Hay River,CA,60.8156,-115.7999,75.29,46,0,4.47
266,Viedma,AR,-40.8135,-62.9967,67.32,23,30,23.04
267,Pacifica,US,37.6138,-122.4869,68.43,77,75,3.0
268,Sao Felix Do Xingu,BR,-6.6447,-51.995,97.39,21,5,7.11
269,Vikindu,TZ,-7.0067,39.2985,76.64,73,75,13.8
270,Morehead,US,37.2711,-87.1764,79.11,54,1,1.01
271,Staryy Nadym,RU,65.6118,72.6842,59.49,77,100,8.05
272,Lockhart,US,28.6194,-81.4426,94.26,67,20,3.0
273,Lagoa,PT,39.05,-27.9833,72.55,86,0,7.09
274,North Platte,US,41.1239,-100.7654,79.02,52,1,5.01
275,Sao Joao Da Barra,BR,-21.6403,-41.0511,75.29,65,8,10.85
276,Gao,ML,16.6362,1.637,98.82,28,88,10.0
277,San Rafael Del Sur,NI,11.8485,-86.4384,86.97,51,100,11.45
278,Nome,US,64.5011,-165.4064,56.16,94,90,12.66
279,Lompoc,US,34.6391,-120.4579,73.85,76,1,3.44
280,Kavieng,PG,-2.5744,150.7967,82.2,78,12,13.06
281,Nileshwar,IN,12.25,75.1,78.1,85,97,5.79
282,Amahai,ID,-3.3333,128.9167,78.15,87,22,2.3
283,Barentu,ER,15.1139,37.5928,75.83,70,99,10.96
284,Svarstad,NO,59.399,9.9698,67.78,40,91,3.91
285,Mumford,GH,5.2618,-0.759,78.22,80,66,13.91
286,Kilindoni,TZ,-7.9139,39.6668,75.97,77,7,17.16
287,Alice Springs,AU,-23.7,133.8833,44.15,33,0,4.61
288,Guerrero Negro,MX,27.9769,-114.0611,80.64,53,0,6.55
289,College,US,64.8569,-147.8028,68.9,73,20,0.0
290,Townsville,AU,-19.25,146.8,59.88,94,75,3.44
291,Takoradi,GH,4.8845,-1.7554,81.25,69,80,13.89
292,Lensk,RU,60.7253,114.9278,57.18,98,98,3.27
293,Samarai,PG,-10.6167,150.6667,77.85,80,53,8.75
294,Barranca,PE,-10.75,-77.7667,67.19,71,31,10.36
295,Dawlatabad,AF,36.4141,64.9053,87.85,14,0,4.45
296,Komsomolskiy,UZ,40.4272,71.7189,83.12,30,100,0.0
297,Sande,DE,53.5049,8.0142,64.18,85,59,7.9
298,Camacha,PT,33.0833,-16.3333,77.54,73,40,14.97
299,Bayir,TR,37.2687,28.2167,101.23,14,0,8.7
300,Pokhara,NP,28.2333,83.9833,73.65,93,99,1.77
301,Narsaq,GL,60.9167,-46.05,53.82,80,100,1.77
302,Kumluca,TR,36.3703,30.2869,92.19,33,0,6.91
303,Brazzaville,CG,-4.2658,15.2832,79.16,65,75,5.75
304,Rosario Oeste,BR,-14.8361,-56.4275,91.38,19,4,6.11
305,Vanimo,PG,-2.6741,141.3028,78.62,89,54,6.26
306,Bundaberg,AU,-24.85,152.35,68.22,96,6,1.99
307,Nouakchott,MR,18.0858,-15.9785,84.13,83,100,11.3
308,Manbij,SY,36.5281,37.9549,99.37,29,62,20.15
309,Oneida,US,43.2001,-75.4663,74.19,61,1,7.0
310,Severo-Yeniseyskiy,RU,60.3725,93.0408,51.6,92,68,1.92
311,Soyo,AO,-6.1349,12.3689,78.85,78,3,9.35
312,Ajdabiya,LY,30.7554,20.2263,86.99,52,0,15.61
313,Palauig,PH,15.435,119.9045,81.01,87,100,13.71
314,Logon,PH,11.3303,124.1146,83.37,76,88,15.59
315,Waddan,LY,29.1614,16.139,100.6,9,2,12.55
316,Lazaro Cardenas,MX,17.9583,-102.2,86.5,68,23,1.39
317,Asheville,US,35.6009,-82.554,81.91,61,1,1.01
318,Araouane,ML,18.9048,-3.5265,101.32,25,77,9.46
319,Jiuquan,CN,39.7432,98.5174,71.62,40,3,7.14
320,Wolsztyn,PL,52.1155,16.1171,71.51,35,69,10.83
321,Coquimbo,CL,-29.9533,-71.3436,55.13,82,90,4.61
322,Pombia,IT,45.653,8.6336,80.91,44,40,5.75
323,Namangan,UZ,40.9983,71.6726,81.05,34,100,9.22
324,Touros,BR,-5.1989,-35.4608,83.3,63,47,21.32
325,Gambela,ET,8.25,34.5833,71.85,85,100,3.65
326,Si Sa Ket,TH,14.8333,104.3333,82.0,79,100,12.8
327,Hollins,US,37.3413,-79.9431,81.61,44,20,10.36
328,Rondonopolis,BR,-16.4708,-54.6356,94.6,15,7,1.43
329,Leningradskiy,RU,69.3833,178.4167,32.65,98,100,11.14
330,Urcos,PE,-13.6861,-71.6228,58.89,40,37,8.39
331,Sambava,MG,-14.2667,50.1667,71.85,82,21,10.71
332,Price,US,39.5994,-110.8107,71.73,72,1,0.0
333,Jha Jha,IN,24.7667,86.3667,84.42,78,100,1.72
334,Padre Bernardo,BR,-15.35,-48.5,86.5,21,13,7.54
335,Richards Bay,ZA,-28.783,32.0377,62.83,87,3,5.95
336,Kaeo,NZ,-35.1,173.7833,52.32,86,7,16.58
337,Kavaratti,IN,10.5669,72.642,82.38,76,100,13.71
338,Bonavista,CA,48.6499,-53.1147,77.0,66,1,10.47
339,Jacmel,HT,18.2342,-72.5347,93.04,63,100,7.67
340,Cherskiy,RU,68.75,161.3,33.44,93,66,11.95
341,Ercis,TR,39.0287,43.3586,71.2,57,62,4.5
342,Ambilobe,MG,-13.2,49.05,70.63,85,37,3.44
343,Balabac,PH,7.9868,117.0645,83.88,78,100,16.89
344,Katobu,ID,-4.9408,122.5276,73.33,95,8,3.56
345,Talaya,RU,61.3833,152.75,35.73,93,86,4.72
346,Pangoa,PE,-12.1167,-73.0,81.64,42,58,4.18
347,Sotouboua,TG,8.5667,0.9833,76.6,86,99,2.42
348,Luanda,AO,-8.8368,13.2343,75.2,78,0,9.22
349,Faanui,PF,-16.4833,-151.75,79.59,66,91,12.66
350,Novoselytsya,UA,48.2193,26.2653,80.17,68,39,9.57
351,Hami,CN,42.8,93.45,82.09,20,0,1.61
352,Rio Gallegos,AR,-51.6226,-69.2181,48.25,37,0,18.41
353,Maxixe,MZ,-23.8597,35.3472,65.95,74,5,8.75
354,Hanna,CA,51.6334,-111.9018,84.36,22,99,10.22
355,Dwarka,IN,22.2394,68.9678,82.0,83,98,22.73
356,Tuatapere,NZ,-46.1333,167.6833,44.82,83,100,5.61
357,Tulun,RU,54.5611,100.5792,53.98,94,100,4.0
358,Clyde River,CA,70.4692,-68.5914,46.63,76,75,16.11
359,Ngunguru,NZ,-35.6167,174.5,52.16,71,25,22.08
360,Sibolga,ID,1.7427,98.7792,77.11,84,76,3.51
361,Iralaya,HN,15.0,-83.2333,86.09,83,63,14.58
362,Kropotkin,RU,45.4375,40.5756,83.55,38,28,8.68
363,Aswan,EG,24.0934,32.907,108.7,9,0,13.8
364,Calbuco,CL,-41.768,-73.1273,51.01,79,75,5.41
365,Caborca,MX,30.5838,-111.101,86.49,40,0,1.5
366,Bali Chak,IN,22.3667,87.55,83.57,81,100,5.53
367,Jumla,NP,29.2747,82.1838,64.74,93,76,2.21
368,Mao,ES,39.8885,4.2658,79.36,53,20,11.5
369,Bitung,ID,1.4451,125.1824,77.85,86,78,10.76
370,Manggar,ID,-2.8833,108.2667,81.07,76,97,8.01
371,Mahebourg,MU,-20.4081,57.7,67.24,82,20,6.91
372,Hasaki,JP,35.7333,140.8333,79.09,92,99,10.6
373,San Cristobal,VE,7.7669,-72.225,80.78,70,100,7.74
374,Idrinskoye,RU,54.3708,92.1358,63.82,81,94,2.33
375,Port Lincoln,AU,-34.7333,135.8667,51.08,67,92,20.24
376,Poum,NC,-20.2333,164.0167,67.39,65,6,8.84
377,Rocha,UY,-34.4833,-54.3333,58.03,68,1,6.53
378,Chibombo,ZM,-14.6569,28.0706,64.89,31,3,6.17
379,Binzhou,CN,37.3667,118.0167,71.04,90,1,4.68
380,Curaca,BR,-8.9903,-39.9094,85.96,31,6,17.18
381,Port Macquarie,AU,-31.4333,152.9167,60.76,94,100,14.05
382,Bengkulu,ID,-3.8004,102.2655,75.33,90,50,3.04
383,Tabou,CI,4.423,-7.3528,79.48,70,49,8.39
384,Kismayo,SO,-0.3582,42.5454,76.14,83,75,16.71
385,Mount Gambier,AU,-37.8333,140.7667,44.51,100,75,8.05
386,Kazachinskoye,RU,57.6953,93.2761,54.34,96,57,3.33
387,Vilhena,BR,-12.7406,-60.1458,82.62,30,0,14.97
388,Lata,PT,40.1629,-8.3327,84.04,60,80,10.67
389,Anaconda,US,46.1285,-112.9423,73.78,60,76,0.94
390,Gusino,RU,54.7244,31.368,66.09,75,82,13.44
391,Tadine,NC,-21.55,167.8833,65.01,73,7,9.31
392,Beohari,IN,24.05,81.3833,74.61,89,84,10.0
393,Kiunga,PG,-6.1219,141.2906,70.79,97,96,2.37
394,Paamiut,GL,61.994,-49.6678,46.72,86,100,13.35
395,Anori,BR,-3.7728,-61.6442,92.23,30,26,3.4
396,Sioux Lookout,CA,50.1001,-91.917,73.78,49,90,6.91
397,Huangpu,CN,25.4433,113.1747,79.72,74,60,1.77
398,Tshikapa,CD,-6.4167,20.8,83.39,19,31,2.62
399,Kodinsk,RU,58.6881,99.1844,59.2,79,97,0.72
400,Udankudi,IN,8.4333,78.0167,83.59,59,95,13.82
401,Yeppoon,AU,-23.1333,150.7333,55.18,90,2,5.93
402,Seoul,KR,37.5683,126.9778,77.76,94,20,2.3
403,Lorengau,PG,-2.0226,147.2712,81.1,81,18,9.1
404,Qianan,CN,44.9932,124.0581,63.66,96,100,11.65
405,Den Helder,NL,52.9599,4.7593,67.95,65,75,8.01
406,Koungheul,SN,13.9833,-14.8,80.62,78,100,15.05
407,Udachnyy,RU,66.4167,112.4,65.97,45,100,10.36
408,Iskateley,RU,67.6803,53.1512,54.03,84,21,7.38
409,East London,ZA,-33.0153,27.9116,58.14,82,20,5.75
410,Vernon,CA,50.2581,-119.2691,76.14,76,100,2.3
411,Lasa,IT,46.6166,10.7002,67.91,78,80,1.88
412,Srednekolymsk,RU,67.45,153.6833,37.17,85,70,6.29
413,Chigorodo,CO,7.6664,-76.6811,85.93,68,100,2.48
414,Placido De Castro,BR,-10.3353,-67.1856,90.54,18,8,6.35
415,Bodden Town,KY,19.2833,-81.25,88.99,73,40,8.01
416,Okitipupa,NG,6.5047,4.7839,76.91,88,100,4.09
417,Ouango,CF,4.3133,22.5552,73.74,85,91,2.01
418,Muli,MV,2.9167,73.5667,81.5,73,100,3.89
419,Ahuimanu,US,21.4447,-157.8378,76.86,73,90,16.11
420,Abha,SA,18.2164,42.5053,71.42,78,40,5.75
421,Wonthaggi,AU,-38.6044,145.5913,51.71,89,100,12.59
422,Kiruna,SE,67.8557,20.2251,50.92,58,90,8.05
423,Bonnyville,CA,54.2668,-110.735,79.92,26,28,8.32
424,Lovozero,RU,68.005,35.0117,53.98,94,97,8.52
425,Nouadhibou,MR,20.931,-17.0347,78.78,61,0,16.11
426,Zhangjiakou,CN,40.81,114.8794,67.87,78,93,5.57
427,Niksic,ME,42.7731,18.9445,84.36,20,5,5.59
428,Ponta Do Sol,PT,32.6667,-17.1,81.01,73,21,4.09
429,Vao,NC,-22.6667,167.4833,66.06,67,9,8.25
430,Peniche,PT,39.3558,-9.3811,78.75,78,48,18.72
431,Zverinogolovskoye,RU,54.4586,64.8542,67.46,60,47,2.66
432,Pevek,RU,69.7008,170.3133,32.47,91,95,20.67
433,Boda,CF,4.3189,17.4695,71.71,92,60,2.98
434,Nuuk,GL,64.1835,-51.7216,52.41,82,75,6.91
435,Dukat,RU,62.55,155.55,29.97,97,100,4.59
436,Savannah Bight,HN,16.45,-85.85,87.85,75,40,11.45
437,Cayenne,GF,4.9333,-52.3333,87.1,72,40,5.01
438,Navirai,BR,-23.065,-54.1906,75.52,32,1,5.37
439,Pudozh,RU,61.8099,36.5345,66.88,68,100,3.78
440,Chernyshevskiy,RU,63.0128,112.4714,61.66,55,99,5.17
441,Acarau,BR,-2.8856,-40.12,88.61,46,5,11.97
442,Marystown,CA,47.1666,-55.1483,66.15,63,71,9.42
443,Moosomin,CA,50.1333,-101.6677,86.04,19,52,6.02
444,Eureka,US,40.8021,-124.1637,54.79,78,94,3.83
445,Rawson,AR,-43.3002,-65.1023,66.16,25,54,6.64
446,Anshun,CN,26.25,105.9333,68.09,72,27,2.44
447,Ishigaki,JP,24.3448,124.1572,81.68,86,100,17.47
448,Barguzin,RU,53.6167,109.6167,59.86,75,93,4.0
449,La Ronge,CA,55.1001,-105.2842,80.82,44,40,4.61
450,Moundsville,US,39.9203,-80.7431,74.21,68,11,1.99
451,Abonnema,NG,4.7084,6.7931,80.69,76,91,8.63
452,Borujerd,IR,33.8973,48.7516,77.86,31,64,5.1
453,Kahului,US,20.8947,-156.47,77.85,83,40,16.11
454,Ivanava,BY,52.1451,25.5365,63.01,84,96,9.84
455,Ondo,NG,7.1,4.8333,75.42,84,100,3.83
456,Bella Union,UY,-30.2752,-57.6007,61.34,45,0,5.17
457,Tezpur,IN,26.6333,92.8,80.74,90,43,2.37
458,Katiola,CI,8.1333,-5.1,83.62,57,98,2.66
459,Serov,RU,59.6033,60.5787,61.05,89,29,3.6
460,Buin,CL,-33.7333,-70.75,73.72,11,0,2.86
461,Saint-Joseph,RE,-21.3667,55.6167,66.58,76,28,3.4
462,Along,IN,28.1667,94.7667,75.54,98,75,1.81
463,Odweyne,SO,9.4092,45.064,74.53,53,65,19.06
464,Qurayyat,SA,31.3318,37.3428,98.78,9,0,23.02
465,Abakaliki,NG,6.3163,8.1169,80.11,83,83,5.28
466,San Juan,AR,-31.5375,-68.5364,69.31,18,0,5.64
467,Pacific Grove,US,36.6177,-121.9166,68.29,83,90,3.0
468,Leh,IN,34.1667,77.5833,68.04,32,12,6.85
469,Manzini,SZ,-26.25,31.5,62.44,65,4,6.44
470,Thinadhoo,MV,0.5333,72.9333,82.56,69,98,2.93
471,Deep River,CA,46.1001,-77.4995,70.43,40,0,7.67
472,Porangatu,BR,-13.4408,-49.1486,92.34,18,54,6.38
473,Nyrob,RU,60.733,56.7202,60.96,97,21,3.62
474,General Roca,AR,-39.0333,-67.5833,57.6,22,41,10.02
475,Emmauss,RU,56.7805,36.115,68.49,86,84,14.97
476,Sturgis,US,41.7992,-85.4192,74.39,28,40,3.44
477,Cedar City,US,37.6775,-113.0619,74.39,53,1,0.0
478,Vestmannaeyjar,IS,63.4427,-20.2734,56.39,76,20,6.91
479,Nortelandia,BR,-14.4547,-56.8028,91.83,19,6,6.58
480,Kangaatsiaq,GL,68.3065,-53.4641,43.57,89,2,21.0
481,Sechura,PE,-5.5569,-80.8222,76.6,56,4,9.26
482,Birao,CF,10.2849,22.7882,71.19,93,86,4.7
483,Lae,PG,-6.7221,146.9847,74.21,89,53,3.04
484,Nakamura,JP,32.9833,132.9333,74.59,97,44,2.3
485,Henties Bay,NA,-22.116,14.2845,71.85,64,0,3.0
486,Torbay,CA,47.6666,-52.7314,76.87,50,40,11.5
487,Arlit,NE,18.7369,7.3853,87.57,44,40,18.1
488,Balykshi,KZ,47.0667,51.8667,93.2,14,0,8.95
489,Paramonga,PE,-10.6667,-77.8333,68.5,71,33,10.87
490,Srisailam,IN,16.0833,78.8667,79.77,63,80,9.64
491,Ustye,RU,59.6304,39.736,70.16,64,100,7.05
492,Sao Gabriel Da Cachoeira,BR,-0.1303,-67.0892,82.2,78,0,2.3
493,Dalbandin,PK,28.8947,64.4101,92.25,8,86,13.09
494,Kiama,AU,-34.6833,150.8667,60.58,78,88,7.0
495,Guadalupe Y Calvo,MX,26.1,-106.9667,73.76,44,15,2.24
496,Namatanai,PG,-3.6667,152.4333,78.22,84,16,7.05
497,Saint-Francois,FR,46.4154,3.9054,73.18,46,0,6.91
498,Sant Julia De Loria,AD,42.4625,1.4825,77.11,37,40,9.22
499,Tezu,IN,27.9167,96.1667,76.24,98,57,4.29
500,Erenhot,CN,43.6475,111.9767,74.97,34,100,10.29
501,Qeshm,IR,26.9581,56.2719,94.87,64,9,7.65
502,Cuajinicuilapa,MX,16.4667,-98.4167,90.36,53,78,4.0
503,Vryburg,ZA,-26.9566,24.7284,56.43,18,0,6.62
504,Bindi,SL,9.9167,-11.45,76.15,93,95,5.99
505,Banjarmasin,ID,-3.3244,114.591,75.34,93,95,2.95
506,Tausa,CO,5.199,-73.8913,57.45,76,100,4.0
507,Great Yarmouth,GB,52.6083,1.7305,69.35,61,67,5.5
508,Alta Floresta,BR,-9.8756,-56.0861,97.18,20,34,8.28
509,Oksfjord,NO,70.2396,22.3479,57.27,76,97,7.4
510,Ghogha,IN,21.6833,72.2833,82.35,77,100,20.56
511,Kondinskoye,RU,59.6481,67.41,61.25,75,86,7.52
512,Shinuhayr,AM,39.4367,46.3179,61.16,49,50,2.68
513,Aginskoye,RU,51.1,114.53,63.14,77,99,3.0
514,Gemena,CD,3.25,19.7667,75.78,73,49,2.08
515,Ayodhya,IN,26.8,82.2,80.04,82,31,7.67
516,Victor Harbor,AU,-35.5667,138.6167,51.89,78,33,19.3
517,Luba,GQ,3.4568,8.5547,82.29,84,98,6.73
518,Dunedin,NZ,-45.8742,170.5036,45.81,84,100,25.99
519,Ilhabela,BR,-23.7781,-45.3581,68.09,73,17,3.91
520,Hue,VN,16.4667,107.6,89.71,51,40,3.44
521,Pusad,IN,19.9,77.5833,78.28,78,100,11.99
522,Minas,UY,-34.3759,-55.2377,48.67,60,0,1.21
523,Padang,ID,-0.9492,100.3543,77.05,85,94,2.82
524,Manokwari,ID,-0.8667,134.0833,78.57,80,12,2.1
525,Mayo,US,38.8876,-76.5119,80.42,63,20,3.0
526,Altamont,US,42.2068,-121.7372,76.78,57,1,1.01
527,Vila Velha,BR,-20.3297,-40.2925,72.97,72,75,9.22
528,Mae Sot,TH,16.7167,98.5667,73.54,99,100,4.7
529,Catamarca,AR,-28.4696,-65.7852,77.58,34,0,4.0
530,Novi Sanzhary,UA,49.3439,34.3108,82.36,50,59,6.29
531,Toyooka,JP,35.5333,134.8333,76.28,87,100,5.84
532,Nurota,UZ,40.5614,65.6886,89.69,14,0,5.66
533,Kohima,IN,25.6667,94.1167,65.37,97,66,3.33
534,Piedecuesta,CO,6.9879,-73.0495,78.12,74,93,4.25
535,Alofi,NU,-19.0595,-169.9187,73.29,73,75,10.36
536,Ormond Beach,US,29.2858,-81.0559,92.1,56,40,6.91
537,De Aar,ZA,-30.6497,24.0123,52.86,23,0,2.62
538,Soe,ID,-9.8607,124.284,64.38,92,93,4.07
539,Grand Gaube,MU,-20.0064,57.6608,67.37,65,0,5.01
540,Ciudad Guayana,VE,8.3533,-62.6528,73.89,94,100,3.87
541,Gazli,UZ,40.1333,63.45,93.02,9,0,12.73
542,Sosnogorsk,RU,63.6023,53.8817,59.49,96,79,4.85
543,Massakory,TD,12.996,15.7293,84.69,60,100,9.08
544,Sarahan,IN,31.5167,77.8,65.08,87,75,1.3
545,Benguela,AO,-12.5763,13.4055,74.08,75,8,5.08
546,Haltom City,US,32.7996,-97.2692,82.58,85,90,1.01
547,Nishihara,JP,26.1842,127.7558,82.06,94,75,12.66
548,Oistins,BB,13.0667,-59.5333,86.09,70,20,11.5
549,Panorama,GR,40.5878,23.0315,100.42,54,0,1.01
550,Truro,GB,50.2653,-5.0544,65.97,56,40,13.8
551,Sarakhs,IR,36.5449,61.1577,89.74,17,0,0.0
552,Sakakah,SA,29.9697,40.2064,103.57,11,0,10.83
553,Aleksandrov Gay,RU,50.147,48.5704,84.51,38,70,15.17
554,Broome,US,42.2506,-75.833,74.01,59,1,5.01
555,Faya,SA,18.3851,42.4509,71.71,66,100,4.97
556,Vardo,NO,70.3705,31.1107,53.35,81,0,2.3
557,Porecatu,BR,-22.7558,-51.3792,77.47,38,0,0.43
558,Margate,GB,51.3813,1.3862,65.97,66,69,1.99
